Year,Crime_Rate,State,State
1979,13.16, AL,Alabama
1979,13.3005, AK,Alaska
1979,8.9388, AZ,Arizona
1979,9.0826, AR,Arkansas
1979,13.0067, AR,Arkansas
1979,5.8081, CO,Colorado
1979,4.2055, CT,Connecticut
1979,5.6701, DE,Delaware
1979,27.439, DC,Washington
1979,12.2348, FL,Florida
1979,17.1356, GA,Georgia
1979,7.2131, HI,Hawaii
1979,5.4144, ID,Idaho
1979,10.7124, IL,Illinois
1979,8.2963, IN,Indiana
1979,2.2391, IA,Iowa
1979,5.4875, KS,Kansas
1979,9.4982, KY,Kentucky
1979,16.9399, LA,Louisiana
1979,2.8259, ME,Maine
1979,9.7855, MD,Maryland
1979,3.6748, MA,Massachusetts
1979,9.0573, MI,Michigan
1979,12.552, MI,Michigan
1979,2.2906, MN,Minnesota
1979,11.1545, MO,Missouri
1979,4.1985, MT,Montana
1979,4.1296, NE,Nebraska
1979,17.5214, NV,Nevada
1979,2.3675, NH,New Hampshire
1979,6.6012, NJ,New Jersey
1979,12.4093, NM,New Mexico
1979,11.8534, NY,New York
1979,10.7028, NC,North Carolina
1979,1.5221, ND,North Dakota
1979,8.0608, OH,Ohio
1979,9.7165, OK,Oklahoma
1979,4.2343, OR,Oregon
1979,6.1717, PA,Pennsylvania
1979,12.5512, SC,South Carolina
1979,2.0319, SD,South Dakota
1979,9.8174, TN,Tennessee
1979,16.6978, TX,Texas
1979,4.8281, UT,Utah
1979,1.4199, VT,Vermont
1979,8.6011, VA,Virginia
1979,4.7631, WA,Washington
1979,6.8158, WV,West Virginia
1979,3.3898, WI,Wisconsin
1979,9.1111, WY,Wyoming
1980,13.1815, AL,Alabama
1980,8.8608, AK,Alaska
1980,10.2749, AZ,Arizona
1980,9.1942, AR,Arkansas
1980,14.4947, AR,Arkansas
1980,6.8788, CO,Colorado
1980,4.7169, CT,Connecticut
1980,6.8933, DE,Delaware
1980,31.4845, DC,Washington
1980,14.4976, FL,Florida
1980,13.7571, GA,Georgia
1980,8.7076, HI,Hawaii
1980,3.0732, ID,Idaho
1980,10.612, IL,Illinois
1980,8.881, IN,Indiana
1980,2.1666, IA,Iowa
1980,6.9221, KS,Kansas
1980,8.8151, KY,Kentucky
1980,15.7398, LA,Louisiana
1980,2.8478, ME,Maine
1980,9.5177, MD,Maryland
1980,4.0501, MA,Massachusetts
1980,10.1862, MI,Michigan
1980,14.5332, MI,Michigan
1980,2.61, MN,Minnesota
1980,11.0991, MO,Missouri
1980,3.9663, MT,Montana
1980,4.412, NE,Nebraska
1980,19.9922, NV,Nevada
1980,2.5024, NH,New Hampshire
1980,6.8645, NJ,New Jersey
1980,13.1226, NM,New Mexico
1980,12.7266, NY,New York
1980,10.5927, NC,North Carolina
1980,1.2262, ND,North Dakota
1980,8.0897, OH,Ohio
1980,9.9625, OK,Oklahoma
1980,5.0565, OR,Oregon
1980,6.8419, PA,Pennsylvania
1980,11.3556, SC,South Carolina
1980,0.7265, SD,South Dakota
1980,10.7577, TN,Tennessee
1980,16.8809, TX,Texas
1980,3.7704, UT,Utah
1980,2.1514, VT,Vermont
1980,8.6223, VA,Virginia
1980,5.47, WA,Washington
1980,7.1473, WV,West Virginia
1980,2.9054, WI,Wisconsin
1980,6.184, WY,Wyoming
1981,11.8744, AL,Alabama
1981,14.5631, AK,Alaska
1981,8.1275, AZ,Arizona
1981,9.1107, AR,Arkansas
1981,13.0096, AR,Arkansas
1981,8.0661, CO,Colorado
1981,5.364, CT,Connecticut
1981,6.689, DE,Delaware
1981,35.0629, DC,Washington
1981,14.9715, FL,Florida
1981,17.2383, GA,Georgia
1981,4.8008, HI,Hawaii
1981,4.4838, ID,Idaho
1981,10.5194, IL,Illinois
1981,7.0984, IN,Indiana
1981,2.6234, IA,Iowa
1981,6.3419, KS,Kansas
1981,8.413, KY,Kentucky
1981,15.633, LA,Louisiana
1981,3.1802, ME,Maine
1981,9.8803, MD,Maryland
1981,3.6395, MA,Massachusetts
1981,9.3577, MI,Michigan
1981,12.6087, MI,Michigan
1981,2.0782, MN,Minnesota
1981,10.4496, MO,Missouri
1981,3.4091, MT,Montana
1981,3.1091, NE,Nebraska
1981,17.5148, NV,Nevada
1981,2.8877, NH,New Hampshire
1981,7.3233, NJ,New Jersey
1981,11.3791, NM,New Mexico
1981,12.311, NY,New York
1981,9.0909, NC,North Carolina
1981,2.2796, ND,North Dakota
1981,7.4146, OH,Ohio
1981,9.0058, OK,Oklahoma
1981,4.4201, OR,Oregon
1981,6.1446, PA,Pennsylvania
1981,10.4232, SC,South Carolina
1981,1.7518, SD,South Dakota
1981,9.718, TN,Tennessee
1981,16.5774, TX,Texas
1981,3.2982, UT,Utah
1981,4.2718, VT,Vermont
1981,8.5514, VA,Virginia
1981,5.057, WA,Washington
1981,6.0482, WV,West Virginia
1981,3.3973, WI,Wisconsin
1981,5.4878, WY,Wyoming
1982,10.5757, AL,Alabama
1982,18.4932, AK,Alaska
1982,8.2517, AZ,Arizona
1982,8.1624, AR,Arkansas
1982,11.2401, AR,Arkansas
1982,5.977, CO,Colorado
1982,5.2014, CT,Connecticut
1982,5.3156, DE,Delaware
1982,30.7448, DC,Washington
1982,13.5273, FL,Florida
1982,12.6441, GA,Georgia
1982,3.1187, HI,Hawaii
1982,2.487, ID,Idaho
1982,8.7788, IL,Illinois
1982,6.4888, IN,Indiana
1982,2.3064, IA,Iowa
1982,5.7309, KS,Kansas
1982,9.6809, KY,Kentucky
1982,16.0018, LA,Louisiana
1982,2.1183, ME,Maine
1982,10.129, MD,Maryland
1982,3.7883, MA,Massachusetts
1982,9.0789, MI,Michigan
1982,14.0337, MI,Michigan
1982,2.2986, MN,Minnesota
1982,9.6748, MO,Missouri
1982,3.8702, MT,Montana
1982,1.9546, NE,Nebraska
1982,13.6209, NV,Nevada
1982,2.2082, NH,New Hampshire
1982,6.4802, NJ,New Jersey
1982,11.6262, NM,New Mexico
1982,11.3993, NY,New York
1982,9.0547, NC,North Carolina
1982,0.7463, ND,North Dakota
1982,6.2645, OH,Ohio
1982,10.8278, OK,Oklahoma
1982,5.134, OR,Oregon
1982,5.7143, PA,Pennsylvania
1982,10.8648, SC,South Carolina
1982,2.7496, SD,South Dakota
1982,9.7183, TN,Tennessee
1982,16.1387, TX,Texas
1982,3.4106, UT,Utah
1982,2.3256, VT,Vermont
1982,7.3757, VA,Virginia
1982,4.3581, WA,Washington
1982,5.2361, WV,West Virginia
1982,3.106, WI,Wisconsin
1982,9.1633, WY,Wyoming
1983,9.1942, AL,Alabama
1983,13.7787, AK,Alaska
1983,7.1887, AZ,Arizona
1983,7.646, AR,Arkansas
1983,10.483, AR,Arkansas
1983,6.4352, CO,Colorado
1983,4.1109, CT,Connecticut
1983,4.1254, DE,Delaware
1983,29.374, DC,Washington
1983,11.2266, FL,Florida
1983,8.4264, GA,Georgia
1983,5.5718, HI,Hawaii
1983,3.5389, ID,Idaho
1983,9.6814, IL,Illinois
1983,5.2199, IN,Indiana
1983,2.3408, IA,Iowa
1983,5.6495, KS,Kansas
1983,9.8008, KY,Kentucky
1983,14.1731, LA,Louisiana
1983,2.0942, ME,Maine
1983,8.527, MD,Maryland
1983,3.52, MA,Massachusetts
1983,11.2099, MI,Michigan
1983,10.0342, MI,Michigan
1983,1.6651, MN,Minnesota
1983,8.1087, MO,Missouri
1983,3.672, MT,Montana
1983,2.6299, NE,Nebraska
1983,12.7946, NV,Nevada
1983,1.9812, NH,New Hampshire
1983,5.3428, NJ,New Jersey
1983,8.8635, NM,New Mexico
1983,11.0828, NY,New York
1983,8.0566, NC,North Carolina
1983,2.0588, ND,North Dakota
1983,5.5835, OH,Ohio
1983,7.55, OK,Oklahoma
1983,4.0947, OR,Oregon
1983,4.9012, PA,Pennsylvania
1983,9.8346, SC,South Carolina
1983,2.1429, SD,South Dakota
1983,8.7513, TN,Tennessee
1983,14.2394, TX,Texas
1983,3.4589, UT,Utah
1983,3.619, VT,Vermont
1983,6.973, VA,Virginia
1983,4.9302, WA,Washington
1983,4.8855, WV,West Virginia
1983,2.7573, WI,Wisconsin
1983,5.8366, WY,Wyoming
1984,9.3734, AL,Alabama
1984,11.6, AK,Alaska
1984,7.7956, AZ,Arizona
1984,7.4926, AR,Arkansas
1984,10.6042, AR,Arkansas
1984,5.7898, CO,Colorado
1984,3.8681, CT,Connecticut
1984,4.0783, DE,Delaware
1984,28.0899, DC,Washington
1984,11.516, FL,Florida
1984,9.3541, GA,Georgia
1984,3.2724, HI,Hawaii
1984,3.3966, ID,Idaho
1984,8.974, IL,Illinois
1984,5.5111, IN,Indiana
1984,2.0275, IA,Iowa
1984,3.6505, KS,Kansas
1984,6.5539, KY,Kentucky
1984,12.8866, LA,Louisiana
1984,1.7301, ME,Maine
1984,8.1398, MD,Maryland
1984,3.6392, MA,Massachusetts
1984,9.686, MI,Michigan
1984,9.6998, MI,Michigan
1984,1.778, MN,Minnesota
1984,7.1486, MO,Missouri
1984,4.3689, MT,Montana
1984,3.3624, NE,Nebraska
1984,10.7574, NV,Nevada
1984,1.0235, NH,New Hampshire
1984,5.3493, NJ,New Jersey
1984,9.1292, NM,New Mexico
1984,10.0705, NY,New York
1984,8.7429, NC,North Carolina
1984,1.1662, ND,North Dakota
1984,5.1246, OH,Ohio
1984,7.8229, OK,Oklahoma
1984,4.7868, OR,Oregon
1984,4.5206, PA,Pennsylvania
1984,9.2424, SC,South Carolina
1984,1.8414, SD,South Dakota
1984,8.3528, TN,Tennessee
1984,13.0902, TX,Texas
1984,2.845, UT,Utah
1984,2.2642, VT,Vermont
1984,7.7005, VA,Virginia
1984,4.6447, WA,Washington
1984,4.4057, WV,West Virginia
1984,2.4549, WI,Wisconsin
1984,3.3268, WY,Wyoming
1985,9.8483, AL,Alabama
1985,9.7889, AK,Alaska
1985,7.9699, AZ,Arizona
1985,7.9271, AR,Arkansas
1985,10.5064, AR,Arkansas
1985,5.8496, CO,Colorado
1985,3.7807, CT,Connecticut
1985,4.8232, DE,Delaware
1985,23.4824, DC,Washington
1985,11.4024, FL,Florida
1985,10.3748, GA,Georgia
1985,4.0797, HI,Hawaii
1985,2.1891, ID,Idaho
1985,8.0364, IL,Illinois
1985,5.8011, IN,Indiana
1985,1.9071, IA,Iowa
1985,4.9388, KS,Kansas
1985,6.8706, KY,Kentucky
1985,10.8681, LA,Louisiana
1985,2.4055, ME,Maine
1985,7.9235, MD,Maryland
1985,3.4696, MA,Massachusetts
1985,11.2016, MI,Michigan
1985,10.5626, MI,Michigan
1985,2.0987, MN,Minnesota
1985,8.1328, MO,Missouri
1985,5.8111, MT,Montana
1985,2.9265, NE,Nebraska
1985,10.2564, NV,Nevada
1985,2.1042, NH,New Hampshire
1985,5.3822, NJ,New Jersey
1985,10.8966, NM,New Mexico
1985,9.4641, NY,New York
1985,8.3133, NC,North Carolina
1985,1.0219, ND,North Dakota
1985,5.1564, OH,Ohio
1985,7.6946, OK,Oklahoma
1985,4.652, OR,Oregon
1985,4.6402, PA,Pennsylvania
1985,9.0828, SC,South Carolina
1985,1.8362, SD,South Dakota
1985,9.0088, TN,Tennessee
1985,13.0238, TX,Texas
1985,3.0395, UT,Utah
1985,3.3645, VT,Vermont
1985,7.0978, VA,Virginia
1985,5.2393, WA,Washington
1985,3.7707, WV,West Virginia
1985,2.8272, WI,Wisconsin
1985,4.3222, WY,Wyoming
1986,10.0913, AL,Alabama
1986,8.6142, AK,Alaska
1986,9.2554, AZ,Arizona
1986,8.0523, AR,Arkansas
1986,11.2598, AR,Arkansas
1986,7.0401, CO,Colorado
1986,4.641, CT,Connecticut
1986,4.8973, DE,Delaware
1986,30.9904, DC,Washington
1986,11.743, FL,Florida
1986,11.2385, GA,Georgia
1986,4.8023, HI,Hawaii
1986,3.1904, ID,Idaho
1986,8.8702, IL,Illinois
1986,5.9775, IN,Indiana
1986,1.7888, IA,Iowa
1986,4.3885, KS,Kansas
1986,6.6524, KY,Kentucky
1986,12.7749, LA,Louisiana
1986,1.9591, ME,Maine
1986,8.985, MD,Maryland
1986,3.5665, MA,Massachusetts
1986,11.2381, MI,Michigan
1986,11.2849, MI,Michigan
1986,2.4917, MN,Minnesota
1986,9.1591, MO,Missouri
1986,2.9304, MT,Montana
1986,3.1289, NE,Nebraska
1986,12.5649, NV,Nevada
1986,2.2395, NH,New Hampshire
1986,5.2362, NJ,New Jersey
1986,11.4943, NM,New Mexico
1986,10.7304, NY,New York
1986,8.1346, NC,North Carolina
1986,1.0309, ND,North Dakota
1986,5.5339, OH,Ohio
1986,8.1392, OK,Oklahoma
1986,6.5975, OR,Oregon
1986,5.5429, PA,Pennsylvania
1986,8.6146, SC,South Carolina
1986,3.9548, SD,South Dakota
1986,10.431, TN,Tennessee
1986,13.5355, TX,Texas
1986,3.1832, UT,Utah
1986,2.0333, VT,Vermont
1986,7.1021, VA,Virginia
1986,4.9966, WA,Washington
1986,5.9406, WV,West Virginia
1986,3.1139, WI,Wisconsin
1986,5.3254, WY,Wyoming
1987,9.3069, AL,Alabama
1987,10.0952, AK,Alaska
1987,7.4719, AZ,Arizona
1987,7.6214, AR,Arkansas
1987,10.5701, AR,Arkansas
1987,5.7949, CO,Colorado
1987,4.8583, CT,Connecticut
1987,5.1242, DE,Delaware
1987,36.1736, DC,Washington
1987,11.4031, FL,Florida
1987,11.8129, GA,Georgia
1987,4.8015, HI,Hawaii
1987,3.1062, ID,Idaho
1987,8.3492, IL,Illinois
1987,5.5505, IN,Indiana
1987,2.0819, IA,Iowa
1987,4.4426, KS,Kansas
1987,7.5127, KY,Kentucky
1987,11.1186, LA,Louisiana
1987,2.5274, ME,Maine
1987,9.6141, MD,Maryland
1987,2.9547, MA,Massachusetts
1987,12.2174, MI,Michigan
1987,10.2476, MI,Michigan
1987,2.6378, MN,Minnesota
1987,8.2892, MO,Missouri
1987,4.0791, MT,Montana
1987,3.4504, NE,Nebraska
1987,8.4409, NV,Nevada
1987,3.0274, NH,New Hampshire
1987,4.5751, NJ,New Jersey
1987,10.1333, NM,New Mexico
1987,11.31, NY,New York
1987,8.0929, NC,North Carolina
1987,1.4881, ND,North Dakota
1987,5.842, OH,Ohio
1987,7.4572, OK,Oklahoma
1987,5.6167, OR,Oregon
1987,5.3787, PA,Pennsylvania
1987,9.2847, SC,South Carolina
1987,1.8336, SD,South Dakota
1987,9.1452, TN,Tennessee
1987,11.6684, TX,Texas
1987,3.2738, UT,Utah
1987,2.7372, VT,Vermont
1987,7.4018, VA,Virginia
1987,5.6413, WA,Washington
1987,4.8498, WV,West Virginia
1987,3.4949, WI,Wisconsin
1987,2.0408, WY,Wyoming
1988,9.8861, AL,Alabama
1988,5.653, AK,Alaska
1988,8.4824, AZ,Arizona
1988,8.7118, AR,Arkansas
1988,10.4232, AR,Arkansas
1988,5.6839, CO,Colorado
1988,5.3687, CT,Connecticut
1988,5.1515, DE,Delaware
1988,59.5161, DC,Washington
1988,11.4406, FL,Florida
1988,11.6857, GA,Georgia
1988,4.0256, HI,Hawaii
1988,3.6036, ID,Idaho
1988,8.5845, IL,Illinois
1988,6.4215, IN,Indiana
1988,1.6584, IA,Iowa
1988,3.4178, KS,Kansas
1988,6.1543, KY,Kentucky
1988,11.5837, LA,Louisiana
1988,3.068, ME,Maine
1988,9.6684, MD,Maryland
1988,3.5428, MA,Massachusetts
1988,8.5649, MI,Michigan
1988,10.8495, MI,Michigan
1988,2.8797, MN,Minnesota
1988,8.0366, MO,Missouri
1988,2.6119, MT,Montana
1988,3.6227, NE,Nebraska
1988,10.4717, NV,Nevada
1988,2.2789, NH,New Hampshire
1988,5.3238, NJ,New Jersey
1988,11.457, NM,New Mexico
1988,12.5377, NY,New York
1988,7.8149, NC,North Carolina
1988,1.81, ND,North Dakota
1988,5.3808, OH,Ohio
1988,7.4471, OK,Oklahoma
1988,5.0711, OR,Oregon
1988,5.4877, PA,Pennsylvania
1988,9.3043, SC,South Carolina
1988,3.0769, SD,South Dakota
1988,9.3718, TN,Tennessee
1988,12.0501, TX,Texas
1988,2.7794, UT,Utah
1988,1.9784, VT,Vermont
1988,7.8052, VA,Virginia
1988,5.7155, WA,Washington
1988,4.9363, WV,West Virginia
1988,2.9642, WI,Wisconsin
1988,2.5478, WY,Wyoming
1989,10.2234, AL,Alabama
1989,7.9696, AK,Alaska
1989,6.6648, AZ,Arizona
1989,8.4372, AR,Arkansas
1989,10.866, AR,Arkansas
1989,4.4016, CO,Colorado
1989,5.866, CT,Connecticut
1989,5.052, DE,Delaware
1989,71.8543, DC,Washington
1989,11.0883, FL,Florida
1989,12.7408, GA,Georgia
1989,4.7662, HI,Hawaii
1989,2.5641, ID,Idaho
1989,9.0153, IL,Illinois
1989,6.3115, IN,Indiana
1989,1.9014, IA,Iowa
1989,5.4914, KS,Kansas
1989,7.8616, KY,Kentucky
1989,14.9019, LA,Louisiana
1989,3.1915, ME,Maine
1989,11.5893, MD,Maryland
1989,4.2956, MA,Massachusetts
1989,9.6528, MI,Michigan
1989,10.7085, MI,Michigan
1989,2.55, MN,Minnesota
1989,7.9279, MO,Missouri
1989,2.8536, MT,Montana
1989,2.4829, NE,Nebraska
1989,8.1908, NV,Nevada
1989,3.252, NH,New Hampshire
1989,5.0931, NJ,New Jersey
1989,8.6387, NM,New Mexico
1989,12.5125, NY,New York
1989,8.8875, NC,North Carolina
1989,0.6061, ND,North Dakota
1989,5.9778, OH,Ohio
1989,6.5136, OK,Oklahoma
1989,4.7518, OR,Oregon
1989,6.2542, PA,Pennsylvania
1989,9.1116, SC,South Carolina
1989,1.2587, SD,South Dakota
1989,8.4413, TN,Tennessee
1989,11.9416, TX,Texas
1989,2.6362, UT,Utah
1989,1.94, VT,Vermont
1989,7.8714, VA,Virginia
1989,4.3898, WA,Washington
1989,6.5159, WV,West Virginia
1989,3.6162, WI,Wisconsin
1989,4.4211, WY,Wyoming
1990,11.5577, AL,Alabama
1990,7.454, AK,Alaska
1990,7.7485, AZ,Arizona
1990,10.2522, AR,Arkansas
1990,11.9388, AR,Arkansas
1990,4.1889, CO,Colorado
1990,5.05, CT,Connecticut
1990,4.9537, DE,Delaware
1990,77.7723, DC,Washington
1990,10.6586, FL,Florida
1990,11.8397, GA,Georgia
1990,3.9703, HI,Hawaii
1990,2.6819, ID,Idaho
1990,10.3407, IL,Illinois
1990,6.2047, IN,Indiana
1990,1.9447, IA,Iowa
1990,3.9555, KS,Kansas
1990,7.1636, KY,Kentucky
1990,17.1565, LA,Louisiana
1990,2.4431, ME,Maine
1990,11.5446, MD,Maryland
1990,4.0389, MA,Massachusetts
1990,12.1638, MI,Michigan
1990,10.4461, MI,Michigan
1990,2.6742, MN,Minnesota
1990,8.7745, MO,Missouri
1990,4.8807, MT,Montana
1990,2.7243, NE,Nebraska
1990,9.6519, NV,Nevada
1990,1.8932, NH,New Hampshire
1990,5.5885, NJ,New Jersey
1990,9.1745, NM,New Mexico
1990,14.4799, NY,New York
1990,10.7262, NC,North Carolina
1990,0.7827, ND,North Dakota
1990,6.1122, OH,Ohio
1990,8.043, OK,Oklahoma
1990,3.7997, OR,Oregon
1990,6.7415, PA,Pennsylvania
1990,11.1854, SC,South Carolina
1990,2.0115, SD,South Dakota
1990,10.4774, TN,Tennessee
1990,14.0641, TX,Texas
1990,3.0183, UT,Utah
1990,2.3101, VT,Vermont
1990,8.8083, VA,Virginia
1990,4.8904, WA,Washington
1990,5.6873, WV,West Virginia
1990,4.5996, WI,Wisconsin
1990,4.8502, WY,Wyoming
1991,11.4698, AL,Alabama
1991,7.3684, AK,Alaska
1991,7.76, AZ,Arizona
1991,11.1298, AR,Arkansas
1991,12.7024, AR,Arkansas
1991,5.8928, CO,Colorado
1991,5.6822, CT,Connecticut
1991,5.4412, DE,Delaware
1991,80.602, DC,Washington
1991,9.3997, FL,Florida
1991,12.819, GA,Georgia
1991,3.9648, HI,Hawaii
1991,1.8287, ID,Idaho
1991,11.2622, IL,Illinois
1991,7.5401, IN,Indiana
1991,2.0394, IA,Iowa
1991,6.1323, KS,Kansas
1991,6.8139, KY,Kentucky
1991,16.9332, LA,Louisiana
1991,1.2146, ME,Maine
1991,11.7078, MD,Maryland
1991,4.1528, MA,Massachusetts
1991,12.8086, MI,Michigan
1991,10.7707, MI,Michigan
1991,2.9558, MN,Minnesota
1991,10.5273, MO,Missouri
1991,2.599, MT,Montana
1991,3.2643, NE,Nebraska
1991,11.838, NV,Nevada
1991,3.6199, NH,New Hampshire
1991,5.232, NJ,New Jersey
1991,10.5297, NM,New Mexico
1991,14.2375, NY,New York
1991,11.4146, NC,North Carolina
1991,1.1024, ND,North Dakota
1991,7.1579, OH,Ohio
1991,7.2441, OK,Oklahoma
1991,4.5517, OR,Oregon
1991,6.3373, PA,Pennsylvania
1991,11.2921, SC,South Carolina
1991,1.707, SD,South Dakota
1991,11.0438, TN,Tennessee
1991,15.2862, TX,Texas
1991,2.9379, UT,Utah
1991,2.1164, VT,Vermont
1991,9.2746, VA,Virginia
1991,4.2049, WA,Washington
1991,6.1632, WV,West Virginia
1991,4.8234, WI,Wisconsin
1991,3.2609, WY,Wyoming
1992,11.001, AL,Alabama
1992,7.4957, AK,Alaska
1992,8.142, AZ,Arizona
1992,10.7962, AR,Arkansas
1992,12.7029, AR,Arkansas
1992,6.2248, CO,Colorado
1992,5.0594, CT,Connecticut
1992,4.6444, DE,Delaware
1992,75.2122, DC,Washington
1992,8.9561, FL,Florida
1992,10.9762, GA,Georgia
1992,3.6207, HI,Hawaii
1992,3.4677, ID,Idaho
1992,11.3662, IL,Illinois
1992,8.195, IN,Indiana
1992,1.5647, IA,Iowa
1992,5.9849, KS,Kansas
1992,5.7523, KY,Kentucky
1992,17.4248, LA,Louisiana
1992,1.7004, ME,Maine
1992,12.1434, MD,Maryland
1992,3.5679, MA,Massachusetts
1992,9.9396, MI,Michigan
1992,12.2418, MI,Michigan
1992,3.3482, MN,Minnesota
1992,10.5334, MO,Missouri
1992,2.9126, MT,Montana
1992,4.2341, NE,Nebraska
1992,10.9269, NV,Nevada
1992,1.6202, NH,New Hampshire
1992,5.0969, NJ,New Jersey
1992,8.9184, NM,New Mexico
1992,13.2292, NY,New York
1992,10.5655, NC,North Carolina
1992,1.8868, ND,North Dakota
1992,6.5723, OH,Ohio
1992,6.538, OK,Oklahoma
1992,4.6691, OR,Oregon
1992,6.212, PA,Pennsylvania
1992,10.3525, SC,South Carolina
1992,0.5626, SD,South Dakota
1992,10.3503, TN,Tennessee
1992,12.6812, TX,Texas
1992,2.9785, UT,Utah
1992,2.1053, VT,Vermont
1992,8.8443, VA,Virginia
1992,5.0234, WA,Washington
1992,6.3466, WV,West Virginia
1992,4.3539, WI,Wisconsin
1992,3.6481, WY,Wyoming
1993,11.5596, AL,Alabama
1993,9.015, AK,Alaska
1993,8.6128, AZ,Arizona
1993,10.1898, AR,Arkansas
1993,13.1236, AR,Arkansas
1993,5.7768, CO,Colorado
1993,6.2862, CT,Connecticut
1993,5, DE,Delaware
1993,78.5467, DC,Washington
1993,8.948, FL,Florida
1993,11.4067, GA,Georgia
1993,3.8396, HI,Hawaii
1993,2.9117, ID,Idaho
1993,11.3875, IL,Illinois
1993,7.5267, IN,Indiana
1993,2.3454, IA,Iowa
1993,6.3611, KS,Kansas
1993,6.5717, KY,Kentucky
1993,20.3492, LA,Louisiana
1993,1.6142, ME,Maine
1993,12.7291, MD,Maryland
1993,3.8756, MA,Massachusetts
1993,9.8438, MI,Michigan
1993,13.5074, MI,Michigan
1993,3.4315, MN,Minnesota
1993,11.2724, MO,Missouri
1993,2.9797, MT,Montana
1993,3.9203, NE,Nebraska
1993,10.3672, NV,Nevada
1993,2.0444, NH,New Hampshire
1993,5.3052, NJ,New Jersey
1993,8.0446, NM,New Mexico
1993,13.2989, NY,New York
1993,11.3031, NC,North Carolina
1993,1.7323, ND,North Dakota
1993,6.0139, OH,Ohio
1993,8.4494, OK,Oklahoma
1993,4.6174, OR,Oregon
1993,6.831, PA,Pennsylvania
1993,10.3486, SC,South Carolina
1993,3.3566, SD,South Dakota
1993,10.2177, TN,Tennessee
1993,11.9073, TX,Texas
1993,3.1183, UT,Utah
1993,3.6458, VT,Vermont
1993,8.3038, VA,Virginia
1993,5.157, WA,Washington
1993,6.9231, WV,West Virginia
1993,4.4065, WI,Wisconsin
1993,3.4043, WY,Wyoming
1994,11.8749, AL,Alabama
1994,6.2706, AK,Alaska
1994,10.454, AZ,Arizona
1994,11.9853, AR,Arkansas
1994,11.7814, AR,Arkansas
1994,5.4431, CO,Colorado
1994,6.5649, CT,Connecticut
1994,4.6742, DE,Delaware
1994,70, DC,Washington
1994,8.3495, FL,Florida
1994,9.9646, GA,Georgia
1994,4.2409, HI,Hawaii
1994,3.5305, ID,Idaho
1994,11.7257, IL,Illinois
1994,7.8755, IN,Indiana
1994,1.6614, IA,Iowa
1994,6.6562, KS,Kansas
1994,6.3758, KY,Kentucky
1994,19.8378, LA,Louisiana
1994,2.2581, ME,Maine
1994,11.5661, MD,Maryland
1994,3.5425, MA,Massachusetts
1994,15.3241, MI,Michigan
1994,9.762, MI,Michigan
1994,3.2187, MN,Minnesota
1994,10.4964, MO,Missouri
1994,3.271, MT,Montana
1994,3.1423, NE,Nebraska
1994,11.6678, NV,Nevada
1994,1.4072, NH,New Hampshire
1994,5.0101, NJ,New Jersey
1994,10.7013, NM,New Mexico
1994,11.0958, NY,New York
1994,10.9194, NC,North Carolina
1994,0.1567, ND,North Dakota
1994,5.9629, OH,Ohio
1994,6.9368, OK,Oklahoma
1994,4.8607, OR,Oregon
1994,5.9077, PA,Pennsylvania
1994,9.6343, SC,South Carolina
1994,1.387, SD,South Dakota
1994,9.314, TN,Tennessee
1994,11.0023, TX,Texas
1994,2.935, UT,Utah
1994,1.0345, VT,Vermont
1994,8.7149, VA,Virginia
1994,5.5025, WA,Washington
1994,5.4336, WV,West Virginia
1994,4.4667, WI,Wisconsin
1994,3.3613, WY,Wyoming
1995,11.1686, AL,Alabama
1995,9.106, AK,Alaska
1995,10.4078, AZ,Arizona
1995,10.4267, AR,Arkansas
1995,11.1779, AR,Arkansas
1995,5.7646, CO,Colorado
1995,4.5802, CT,Connecticut
1995,3.4868, DE,Delaware
1995,64.9819, DC,Washington
1995,7.3203, FL,Florida
1995,9.4848, GA,Georgia
1995,4.7178, HI,Hawaii
1995,4.1273, ID,Idaho
1995,10.3212, IL,Illinois
1995,8.0303, IN,Indiana
1995,1.7945, IA,Iowa
1995,6.1988, KS,Kansas
1995,7.1503, KY,Kentucky
1995,17.0428, LA,Louisiana
1995,2.0145, ME,Maine
1995,11.8207, MD,Maryland
1995,3.5726, MA,Massachusetts
1995,8.4616, MI,Michigan
1995,3.9479, MN,Minnesota
1995,12.9032, MS,Mississippi
1995,8.8092, MO,Missouri
1995,4.023, MT,Montana
1995,2.9322, NE,Nebraska
1995,10.6536, NV,Nevada
1995,1.8293, NH,New Hampshire
1995,5.1479, NJ,New Jersey
1995,8.7834, NM,New Mexico
1995,8.5465, NY,New York
1995,9.4093, NC,North Carolina
1995,0.936, ND,North Dakota
1995,5.3807, OH,Ohio
1995,12.2026, OK,Oklahoma
1995,4.107, OR,Oregon
1995,6.2541, PA,Pennsylvania
1995,7.9499, SC,South Carolina
1995,1.7833, SD,South Dakota
1995,10.5974, TN,Tennessee
1995,9.0419, TX,Texas
1995,3.8954, UT,Utah
1995,2.2222, VT,Vermont
1995,7.6005, VA,Virginia
1995,5.0635, WA,Washington
1995,4.8687, WV,West Virginia
1995,4.2748, WI,Wisconsin
1995,2.0833, WY,Wyoming
1996,10.3908, AL,Alabama
1996,7.4135, AK,Alaska
1996,8.514, AZ,Arizona
1996,8.7251, AR,Arkansas
1996,9.1474, AR,Arkansas
1996,4.7083, CO,Colorado
1996,4.8259, CT,Connecticut
1996,4.2759, DE,Delaware
1996,73.1123, DC,Washington
1996,7.4792, FL,Florida
1996,8.5679, GA,Georgia
1996,3.3784, HI,Hawaii
1996,3.6165, ID,Idaho
1996,9.9519, IL,Illinois
1996,7.1905, IN,Indiana
1996,1.8583, IA,Iowa
1996,6.6096, KS,Kansas
1996,5.8702, KY,Kentucky
1996,17.5132, LA,Louisiana
1996,2.0113, ME,Maine
1996,11.5931, MD,Maryland
1996,2.5772, MA,Massachusetts
1996,7.5255, MI,Michigan
1996,3.5852, MN,Minnesota
1996,11.0825, MS,Mississippi
1996,8.0799, MO,Missouri
1996,3.868, MT,Montana
1996,2.9056, NE,Nebraska
1996,13.7243, NV,Nevada
1996,1.7212, NH,New Hampshire
1996,4.2313, NJ,New Jersey
1996,11.5003, NM,New Mexico
1996,7.4402, NY,New York
1996,8.4528, NC,North Carolina
1996,2.1739, ND,North Dakota
1996,4.8152, OH,Ohio
1996,6.7555, OK,Oklahoma
1996,4.0262, OR,Oregon
1996,5.6901, PA,Pennsylvania
1996,8.9754, SC,South Carolina
1996,1.2295, SD,South Dakota
1996,9.4549, TN,Tennessee
1996,7.7217, TX,Texas
1996,3.15, UT,Utah
1996,1.8676, VT,Vermont
1996,7.4906, VA,Virginia
1996,4.6087, WA,Washington
1996,3.7788, WV,West Virginia
1996,3.9535, WI,Wisconsin
1996,3.3264, WY,Wyoming
1997,9.8634, AL,Alabama
1997,8.867, AK,Alaska
1997,8.2327, AZ,Arizona
1997,9.9088, AR,Arkansas
1997,7.9924, AR,Arkansas
1997,4.0329, CO,Colorado
1997,3.792, CT,Connecticut
1997,3.0055, DE,Delaware
1997,56.8998, DC,Washington
1997,6.906, FL,Florida
1997,7.5207, GA,Georgia
1997,3.9596, HI,Hawaii
1997,3.2231, ID,Idaho
1997,9.2132, IL,Illinois
1997,7.3329, IN,Indiana
1997,1.8233, IA,Iowa
1997,5.7803, KS,Kansas
1997,5.8342, KY,Kentucky
1997,15.671, LA,Louisiana
1997,2.0129, ME,Maine
1997,9.8547, MD,Maryland
1997,1.9451, MA,Massachusetts
1997,7.7655, MI,Michigan
1997,2.7529, MN,Minnesota
1997,13.1088, MS,Mississippi
1997,7.886, MO,Missouri
1997,4.7782, MT,Montana
1997,3.0175, NE,Nebraska
1997,11.1509, NV,Nevada
1997,1.364, NH,New Hampshire
1997,4.1848, NJ,New Jersey
1997,7.7457, NM,New Mexico
1997,6.0264, NY,New York
1997,8.2694, NC,North Carolina
1997,0.936, ND,North Dakota
1997,4.6755, OH,Ohio
1997,6.9038, OK,Oklahoma
1997,2.9294, OR,Oregon
1997,5.8652, PA,Pennsylvania
1997,8.3511, SC,South Carolina
1997,1.355, SD,South Dakota
1997,9.5194, TN,Tennessee
1997,6.8265, TX,Texas
1997,2.4284, UT,Utah
1997,1.528, VT,Vermont
1997,7.2468, VA,Virginia
1997,4.3494, WA,Washington
1997,4.13, WV,West Virginia
1997,3.9652, WI,Wisconsin
1997,3.5417, WY,Wyoming
1998,8.1342, AL,Alabama
1998,6.6775, AK,Alaska
1998,8.0531, AZ,Arizona
1998,7.9196, AR,Arkansas
1998,6.6459, AR,Arkansas
1998,4.6084, CO,Colorado
1998,4.1234, CT,Connecticut
1998,2.8226, DE,Delaware
1998,49.7132, DC,Washington
1998,6.483, FL,Florida
1998,8.0869, GA,Georgia
1998,2.0117, HI,Hawaii
1998,2.9292, ID,Idaho
1998,8.3686, IL,Illinois
1998,7.6962, IN,Indiana
1998,1.8868, IA,Iowa
1998,6.5804, KS,Kansas
1998,6.0213, KY,Kentucky
1998,12.8176, LA,Louisiana
1998,2.09, ME,Maine
1998,9.9903, MD,Maryland
1998,2.0172, MA,Massachusetts
1998,7.3444, MI,Michigan
1998,2.5608, MN,Minnesota
1998,11.4462, MS,Mississippi
1998,7.3359, MO,Missouri
1998,2.0455, MT,Montana
1998,3.0667, NE,Nebraska
1998,9.731, NV,Nevada
1998,1.519, NH,New Hampshire
1998,4.0049, NJ,New Jersey
1998,10.9384, NM,New Mexico
1998,5.0839, NY,New York
1998,8.1103, NC,North Carolina
1998,1.0972, ND,North Dakota
1998,3.9522, OH,Ohio
1998,6.095, OK,Oklahoma
1998,3.8391, OR,Oregon
1998,5.2746, PA,Pennsylvania
1998,7.9771, SC,South Carolina
1998,1.355, SD,South Dakota
1998,8.4699, TN,Tennessee
1998,6.8117, TX,Texas
1998,3.0952, UT,Utah
1998,2.1997, VT,Vermont
1998,6.2141, VA,Virginia
1998,3.9374, WA,Washington
1998,4.307, WV,West Virginia
1998,3.6371, WI,Wisconsin
1998,4.7817, WY,Wyoming
1999,7.895, AL,Alabama
1999,8.3939, AK,Alaska
1999,8.0363, AZ,Arizona
1999,5.6048, AR,Arkansas
1999,6.0492, AR,Arkansas
1999,4.561, CO,Colorado
1999,3.2602, CT,Connecticut
1999,3.185, DE,Delaware
1999,46.4355, DC,Washington
1999,5.6845, FL,Florida
1999,7.4856, GA,Georgia
1999,3.7115, HI,Hawaii
1999,1.9973, ID,Idaho
1999,7.7422, IL,Illinois
1999,6.5793, IN,Indiana
1999,1.4986, IA,Iowa
1999,6.0285, KS,Kansas
1999,5.1252, KY,Kentucky
1999,10.7044, LA,Louisiana
1999,1.9951, ME,Maine
1999,8.9914, MD,Maryland
1999,1.9757, MA,Massachusetts
1999,7.046, MI,Michigan
1999,2.806, MN,Minnesota
1999,7.6934, MS,Mississippi
1999,6.5651, MO,Missouri
1999,2.4921, MT,Montana
1999,3.6014, NE,Nebraska
1999,9.1198, NV,Nevada
1999,1.4986, NH,New Hampshire
1999,3.5243, NJ,New Jersey
1999,9.771, NM,New Mexico
1999,4.9625, NY,New York
1999,7.2149, NC,North Carolina
1999,1.5781, ND,North Dakota
1999,3.5268, OH,Ohio
1999,6.879, OK,Oklahoma
1999,2.6537, OR,Oregon
1999,4.9358, PA,Pennsylvania
1999,6.6397, SC,South Carolina
1999,2.4552, SD,South Dakota
1999,7.1304, TN,Tennessee
1999,6.0716, TX,Texas
1999,2.0659, UT,Utah
1999,2.8632, VT,Vermont
1999,5.7036, VA,Virginia
1999,2.9706, WA,Washington
1999,4.3721, WV,West Virginia
1999,3.4092, WI,Wisconsin
1999,2.2936, WY,Wyoming
2000,7.3981, AL,Alabama
2000,4.3067, AK,Alaska
2000,6.9972, AZ,Arizona
2000,6.2841, AR,Arkansas
2000,6.1379, AR,Arkansas
2000,3.1154, CO,Colorado
2000,2.8776, CT,Connecticut
2000,3.1904, DE,Delaware
2000,41.7789, DC,Washington
2000,5.65, FL,Florida
2000,7.9522, GA,Georgia
2000,2.8889, HI,Hawaii
2000,1.2365, ID,Idaho
2000,7.2307, IL,Illinois
2000,5.789, IN,Indiana
2000,1.5719, IA,Iowa
2000,6.2862, KS,Kansas
2000,4.7751, KY,Kentucky
2000,12.5308, LA,Louisiana
2000,1.1765, ME,Maine
2000,8.1186, MD,Maryland
2000,1.9688, MA,Massachusetts
2000,6.7314, MI,Michigan
2000,3.0694, MN,Minnesota
2000,8.9642, MS,Mississippi
2000,6.2017, MO,Missouri
2000,2.2168, MT,Montana
2000,3.6815, NE,Nebraska
2000,6.4556, NV,Nevada
2000,1.7802, NH,New Hampshire
2000,3.4346, NJ,New Jersey
2000,7.4215, NM,New Mexico
2000,5.0167, NY,New York
2000,6.9571, NC,North Carolina
2000,0.6229, ND,North Dakota
2000,3.6818, OH,Ohio
2000,5.2744, OK,Oklahoma
2000,2.0459, OR,Oregon
2000,4.9019, PA,Pennsylvania
2000,7.2532, SC,South Carolina
2000,0.9273, SD,South Dakota
2000,7.2065, TN,Tennessee
2000,5.9371, TX,Texas
2000,1.9255, UT,Utah
2000,1.4783, VT,Vermont
2000,5.665, VA,Virginia
2000,3.3253, WA,Washington
2000,2.5438, WV,West Virginia
2000,3.1508, WI,Wisconsin
2000,2.4302, WY,Wyoming
2001,8.4808, AL,Alabama
2001,6.155, AK,Alaska
2001,7.5373, AZ,Arizona
2001,5.4923, AR,Arkansas
2001,6.3756, AR,Arkansas
2001,3.5658, CO,Colorado
2001,3.0571, CT,Connecticut
2001,2.8873, DE,Delaware
2001,40.2564, DC,Washington
2001,5.3379, FL,Florida
2001,7.1142, GA,Georgia
2001,2.6079, HI,Hawaii
2001,2.2717, ID,Idaho
2001,7.8433, IL,Illinois
2001,6.7409, IN,Indiana
2001,1.7053, IA,Iowa
2001,3.4047, KS,Kansas
2001,4.4485, KY,Kentucky
2001,11.2071, LA,Louisiana
2001,1.4792, ME,Maine
2001,8.2806, MD,Maryland
2001,2.234, MA,Massachusetts
2001,6.7158, MI,Michigan
2001,2.3874, MN,Minnesota
2001,9.8611, MS,Mississippi
2001,6.5989, MO,Missouri
2001,3.7553, MT,Montana
2001,2.4999, NE,Nebraska
2001,8.5807, NV,Nevada
2001,1.3499, NH,New Hampshire
2001,3.9478, NJ,New Jersey
2001,5.4071, NM,New Mexico
2001,5.0303, NY,New York
2001,6.154, NC,North Carolina
2001,1.0997, ND,North Dakota
2001,3.9685, OH,Ohio
2001,5.3321, OK,Oklahoma
2001,2.4184, OR,Oregon
2001,5.2913, PA,Pennsylvania
2001,8.1238, SC,South Carolina
2001,0.9231, SD,South Dakota
2001,7.3573, TN,Tennessee
2001,6.2328, TX,Texas
2001,2.9403, UT,Utah
2001,1.142, VT,Vermont
2001,5.0578, VA,Virginia
2001,2.9866, WA,Washington
2001,2.221, WV,West Virginia
2001,3.5516, WI,Wisconsin
2001,1.8228, WY,Wyoming
2002,6.7651, AL,Alabama
2002,5.1443, AK,Alaska
2002,7.1125, AZ,Arizona
2002,5.2471, AR,Arkansas
2002,6.8425, AR,Arkansas
2002,3.9768, CO,Colorado
2002,2.4287, CT,Connecticut
2002,3.226, DE,Delaware
2002,46.3844, DC,Washington
2002,5.4578, FL,Florida
2002,7.0927, GA,Georgia
2002,1.9344, HI,Hawaii
2002,2.6803, ID,Idaho
2002,7.6352, IL,Illinois
2002,5.8796, IN,Indiana
2002,1.4987, IA,Iowa
2002,2.8764, KS,Kansas
2002,4.6701, KY,Kentucky
2002,13.2479, LA,Louisiana
2002,1.0812, ME,Maine
2002,9.4119, MD,Maryland
2002,2.6939, MA,Massachusetts
2002,6.7508, MI,Michigan
2002,2.2289, MN,Minnesota
2002,9.2091, MS,Mississippi
2002,5.8382, MO,Missouri
2002,1.7575, MT,Montana
2002,2.7785, NE,Nebraska
2002,8.3508, NV,Nevada
2002,0.9416, NH,New Hampshire
2002,3.9532, NJ,New Jersey
2002,8.2071, NM,New Mexico
2002,4.7506, NY,New York
2002,6.5978, NC,North Carolina
2002,0.7888, ND,North Dakota
2002,4.6105, OH,Ohio
2002,4.6709, OK,Oklahoma
2002,2.0452, OR,Oregon
2002,5.0613, PA,Pennsylvania
2002,7.2616, SC,South Carolina
2002,1.4465, SD,South Dakota
2002,7.2541, TN,Tennessee
2002,5.9898, TX,Texas
2002,2.0269, UT,Utah
2002,2.109, VT,Vermont
2002,5.3239, VA,Virginia
2002,3.0328, WA,Washington
2002,3.1581, WV,West Virginia
2002,2.831, WI,Wisconsin
2002,3.007, WY,Wyoming
2003,6.6389, AL,Alabama
2003,6.0159, AK,Alaska
2003,7.9043, AZ,Arizona
2003,6.5988, AR,Arkansas
2003,6.7874, AR,Arkansas
2003,4.0681, CO,Colorado
2003,3.212, CT,Connecticut
2003,2.5667, DE,Delaware
2003,44.6541, DC,Washington
2003,5.4356, FL,Florida
2003,7.5722, GA,Georgia
2003,1.7618, HI,Hawaii
2003,1.9019, ID,Idaho
2003,7.0756, IL,Illinois
2003,5.452, IN,Indiana
2003,1.6995, IA,Iowa
2003,4.5875, KS,Kansas
2003,4.3951, KY,Kentucky
2003,12.9961, LA,Louisiana
2003,1.2221, ME,Maine
2003,9.5241, MD,Maryland
2003,2.1806, MA,Massachusetts
2003,6.07, MI,Michigan
2003,2.5078, MN,Minnesota
2003,9.2625, MS,Mississippi
2003,5.0532, MO,Missouri
2003,3.2674, MT,Montana
2003,3.2231, NE,Nebraska
2003,8.786, NV,Nevada
2003,1.3192, NH,New Hampshire
2003,4.6978, NJ,New Jersey
2003,6.1749, NM,New Mexico
2003,4.8614, NY,New York
2003,6.0087, NC,North Carolina
2003,1.4209, ND,North Dakota
2003,4.5988, OH,Ohio
2003,5.8749, OK,Oklahoma
2003,1.9078, OR,Oregon
2003,5.2301, PA,Pennsylvania
2003,7.3034, SC,South Carolina
2003,1.3074, SD,South Dakota
2003,6.7748, TN,Tennessee
2003,6.4334, TX,Texas
2003,2.5509, UT,Utah
2003,2.4219, VT,Vermont
2003,5.6481, VA,Virginia
2003,2.9684, WA,Washington
2003,4.0299, WV,West Virginia
2003,3.3429, WI,Wisconsin
2003,2.7882, WY,Wyoming
2004,5.6128, AL,Alabama
2004,5.6252, AK,Alaska
2004,7.2127, AZ,Arizona
2004,6.4, AR,Arkansas
2004,6.6737, AR,Arkansas
2004,4.3678, CO,Colorado
2004,2.858, CT,Connecticut
2004,3.3732, DE,Delaware
2004,35.7247, DC,Washington
2004,5.4413, FL,Florida
2004,6.8736, GA,Georgia
2004,2.6146, HI,Hawaii
2004,2.222, ID,Idaho
2004,6.1359, IL,Illinois
2004,5.0751, IN,Indiana
2004,1.4901, IA,Iowa
2004,4.4628, KS,Kansas
2004,5.698, KY,Kentucky
2004,12.7366, LA,Louisiana
2004,1.3688, ME,Maine
2004,9.3683, MD,Maryland
2004,2.6688, MA,Massachusetts
2004,6.3637, MI,Michigan
2004,2.2172, MN,Minnesota
2004,7.8255, MS,Mississippi
2004,6.1463, MO,Missouri
2004,3.2365, MT,Montana
2004,2.2887, NE,Nebraska
2004,7.3728, NV,Nevada
2004,1.3085, NH,New Hampshire
2004,4.5134, NJ,New Jersey
2004,8.8807, NM,New Mexico
2004,4.6108, NY,New York
2004,6.2292, NC,North Carolina
2004,1.2573, ND,North Dakota
2004,4.4192, OH,Ohio
2004,5.2788, OK,Oklahoma
2004,2.506, OR,Oregon
2004,5.2443, PA,Pennsylvania
2004,6.8129, SC,South Carolina
2004,2.206, SD,South Dakota
2004,6.0577, TN,Tennessee
2004,6.0699, TX,Texas
2004,1.9003, UT,Utah
2004,2.5755, VT,Vermont
2004,5.213, VA,Virginia
2004,3.061, WA,Washington
2004,3.7516, WV,West Virginia
2004,2.7982, WI,Wisconsin
2004,2.1744, WY,Wyoming
2005,8.2228, AL,Alabama
2005,4.8247, AK,Alaska
2005,7.4752, AZ,Arizona
2005,6.8091, AR,Arkansas
2005,6.9231, AR,Arkansas
2005,3.7098, CO,Colorado
2005,2.9994, CT,Connecticut
2005,4.3957, DE,Delaware
2005,33.5023, DC,Washington
2005,4.9696, FL,Florida
2005,6.1757, GA,Georgia
2005,1.8849, HI,Hawaii
2005,2.4486, ID,Idaho
2005,6.0319, IL,Illinois
2005,5.6814, IN,Indiana
2005,1.3488, IA,Iowa
2005,3.6752, KS,Kansas
2005,4.5535, KY,Kentucky
2005,9.9837, LA,Louisiana
2005,1.4413, ME,Maine
2005,9.8755, MD,Maryland
2005,2.7668, MA,Massachusetts
2005,6.2272, MI,Michigan
2005,2.2431, MN,Minnesota
2005,7.3578, MS,Mississippi
2005,6.9338, MO,Missouri
2005,1.9257, MT,Montana
2005,2.5026, NE,Nebraska
2005,8.5396, NV,Nevada
2005,1.4539, NH,New Hampshire
2005,4.7914, NJ,New Jersey
2005,7.4767, NM,New Mexico
2005,4.5248, NY,New York
2005,6.7455, NC,North Carolina
2005,1.8909, ND,North Dakota
2005,5.1435, OH,Ohio
2005,5.2774, OK,Oklahoma
2005,2.1985, OR,Oregon
2005,6.0941, PA,Pennsylvania
2005,7.3936, SC,South Carolina
2005,2.3229, SD,South Dakota
2005,7.2367, TN,Tennessee
2005,6.1365, TX,Texas
2005,2.2487, UT,Utah
2005,1.2854, VT,Vermont
2005,6.0547, VA,Virginia
2005,3.2582, WA,Washington
2005,4.5202, WV,West Virginia
2005,3.7267, WI,Wisconsin
2005,2.7516, WY,Wyoming
2006,8.3061, AL,Alabama
2006,5.3727, AK,Alaska
2006,8.6437, AZ,Arizona
2006,7.2931, AR,Arkansas
2006,6.8189, AR,Arkansas
2006,3.5974, CO,Colorado
2006,3.9089, CT,Connecticut
2006,4.9211, DE,Delaware
2006,29.0613, DC,Washington
2006,6.2411, FL,Florida
2006,6.461, GA,Georgia
2006,1.6336, HI,Hawaii
2006,2.3867, ID,Idaho
2006,6.0786, IL,Illinois
2006,5.7179, IN,Indiana
2006,1.8443, IA,Iowa
2006,4.5223, KS,Kansas
2006,4.1131, KY,Kentucky
2006,12.9438, LA,Louisiana
2006,1.7403, ME,Maine
2006,9.7227, MD,Maryland
2006,2.9205, MA,Massachusetts
2006,7.1417, MI,Michigan
2006,2.4385, MN,Minnesota
2006,7.9367, MS,Mississippi
2006,6.3156, MO,Missouri
2006,3.4934, MT,Montana
2006,2.8841, NE,Nebraska
2006,9.0562, NV,Nevada
2006,0.9887, NH,New Hampshire
2006,4.8942, NJ,New Jersey
2006,6.8556, NM,New Mexico
2006,4.7757, NY,New York
2006,6.0859, NC,North Carolina
2006,2.2017, ND,North Dakota
2006,4.8789, OH,Ohio
2006,5.8672, OK,Oklahoma
2006,2.3779, OR,Oregon
2006,5.9563, PA,Pennsylvania
2006,8.3772, SC,South Carolina
2006,3.8367, SD,South Dakota
2006,6.9385, TN,Tennessee
2006,5.8959, TX,Texas
2006,2, UT,Utah
2006,2.2439, VT,Vermont
2006,5.2729, VA,Virginia
2006,3.0801, WA,Washington
2006,4.3993, WV,West Virginia
2006,2.9695, WI,Wisconsin
2006,2.5243, WY,Wyoming
2007,8.9026, AL,Alabama
2007,6.2914, AK,Alaska
2007,8.6452, AZ,Arizona
2007,6.9846, AR,Arkansas
2007,6.1882, AR,Arkansas
2007,3.1883, CO,Colorado
2007,3.2264, CT,Connecticut
2007,4.5099, DE,Delaware
2007,30.767, DC,Washington
2007,6.5859, FL,Florida
2007,7.5434, GA,Georgia
2007,1.8701, HI,Hawaii
2007,3.268, ID,Idaho
2007,5.851, IL,Illinois
2007,5.5159, IN,Indiana
2007,1.3052, IA,Iowa
2007,3.8184, KS,Kansas
2007,4.8568, KY,Kentucky
2007,14.5579, LA,Louisiana
2007,1.5184, ME,Maine
2007,9.8606, MD,Maryland
2007,2.8993, MA,Massachusetts
2007,6.5629, MI,Michigan
2007,2.2318, MN,Minnesota
2007,6.9207, MS,Mississippi
2007,6.2432, MO,Missouri
2007,2.8188, MT,Montana
2007,4.001, NE,Nebraska
2007,7.5232, NV,Nevada
2007,0.912, NH,New Hampshire
2007,4.3864, NJ,New Jersey
2007,9.2897, NM,New Mexico
2007,4.1715, NY,New York
2007,6.4452, NC,North Carolina
2007,2.6574, ND,North Dakota
2007,4.6133, OH,Ohio
2007,6.1924, OK,Oklahoma
2007,2.028, OR,Oregon
2007,5.8314, PA,Pennsylvania
2007,8.2583, SC,South Carolina
2007,3.8934, SD,South Dakota
2007,6.5782, TN,Tennessee
2007,5.9362, TX,Texas
2007,2.2303, UT,Utah
2007,2.0925, VT,Vermont
2007,5.3812, VA,Virginia
2007,2.69, WA,Washington
2007,3.5871, WV,West Virginia
2007,3.3026, WI,Wisconsin
2007,4.0166, WY,Wyoming
2008,7.5291, AL,Alabama
2008,3.9342, AK,Alaska
2008,7.1075, AZ,Arizona
2008,5.7785, AR,Arkansas
2008,5.8275, AR,Arkansas
2008,3.3404, CO,Colorado
2008,3.7701, CT,Connecticut
2008,6.5285, DE,Delaware
2008,31.4278, DC,Washington
2008,6.3726, FL,Florida
2008,6.6076, GA,Georgia
2008,2.0183, HI,Hawaii
2008,1.5094, ID,Idaho
2008,6.1233, IL,Illinois
2008,5.0496, IN,Indiana
2008,2.5645, IA,Iowa
2008,4.0326, KS,Kansas
2008,4.7081, KY,Kentucky
2008,12.3334, LA,Louisiana
2008,2.3548, ME,Maine
2008,8.7511, MD,Maryland
2008,2.5546, MA,Massachusetts
2008,5.5381, MI,Michigan
2008,2.1071, MN,Minnesota
2008,8.031, MS,Mississippi
2008,7.7136, MO,Missouri
2008,4.1346, MT,Montana
2008,3.8689, NE,Nebraska
2008,6.3457, NV,Nevada
2008,1.064, NH,New Hampshire
2008,4.3305, NJ,New Jersey
2008,8.1135, NM,New Mexico
2008,4.2893, NY,New York
2008,6.495, NC,North Carolina
2008,1.7148, ND,North Dakota
2008,4.7624, OH,Ohio
2008,5.9028, OK,Oklahoma
2008,2.2955, OR,Oregon
2008,5.6634, PA,Pennsylvania
2008,6.853, SC,South Carolina
2008,4.6009, SD,South Dakota
2008,6.6292, TN,Tennessee
2008,5.6316, TX,Texas
2008,1.4983, UT,Utah
2008,2.7363, VT,Vermont
2008,4.7625, VA,Virginia
2008,2.9469, WA,Washington
2008,3.6925, WV,West Virginia
2008,2.5942, WI,Wisconsin
2008,2.2528, WY,Wyoming
2009,6.8384, AL,Alabama
2009,3.1497, AK,Alaska
2009,5.7613, AZ,Arizona
2009,6.195, AR,Arkansas
2009,5.3353, AR,Arkansas
2009,3.1643, CO,Colorado
2009,3.0128, CT,Connecticut
2009,4.6321, DE,Delaware
2009,24.1805, DC,Washington
2009,5.486, FL,Florida
2009,5.7583, GA,Georgia
2009,1.7758, HI,Hawaii
2009,1.5526, ID,Idaho
2009,5.9874, IL,Illinois
2009,4.8575, IN,Indiana
2009,1.2634, IA,Iowa
2009,4.4346, KS,Kansas
2009,4.2651, KY,Kentucky
2009,11.7763, LA,Louisiana
2009,1.9722, ME,Maine
2009,7.72, MD,Maryland
2009,2.6238, MA,Massachusetts
2009,6.2489, MI,Michigan
2009,1.4052, MN,Minnesota
2009,6.5718, MS,Mississippi
2009,6.4634, MO,Missouri
2009,3.2821, MT,Montana
2009,2.2821, NE,Nebraska
2009,5.9022, NV,Nevada
2009,0.8305, NH,New Hampshire
2009,3.6634, NJ,New Jersey
2009,9.8524, NM,New Mexico
2009,3.9966, NY,New York
2009,5.2127, NC,North Carolina
2009,1.8552, ND,North Dakota
2009,4.5657, OH,Ohio
2009,6.3465, OK,Oklahoma
2009,2.3003, OR,Oregon
2009,5.2678, PA,Pennsylvania
2009,6.6868, SC,South Carolina
2009,3.6928, SD,South Dakota
2009,7.433, TN,Tennessee
2009,5.3667, TX,Texas
2009,1.4006, UT,Utah
2009,1.2867, VT,Vermont
2009,4.6939, VA,Virginia
2009,2.8511, WA,Washington
2009,4.616, WV,West Virginia
2009,2.5819, WI,Wisconsin
2009,2.0211, WY,Wyoming
2010,5.7466, AL,Alabama
2010,4.3408, AK,Alaska
2010,6.3619, AZ,Arizona
2010,4.5865, AR,Arkansas
2010,4.8449, AR,Arkansas
2010,2.5556, CO,Colorado
2010,3.7198, CT,Connecticut
2010,5.668, DE,Delaware
2010,21.8214, DC,Washington
2010,5.2392, FL,Florida
2010,5.7145, GA,Georgia
2010,1.8337, HI,Hawaii
2010,1.4003, ID,Idaho
2010,5.482, IL,Illinois
2010,4.129, IN,Indiana
2010,1.2458, IA,Iowa
2010,3.3926, KS,Kansas
2010,4.3246, KY,Kentucky
2010,11.0003, LA,Louisiana
2010,1.8081, ME,Maine
2010,7.363, MD,Maryland
2010,3.2645, MA,Massachusetts
2010,5.8721, MI,Michigan
2010,1.8077, MN,Minnesota
2010,6.8685, MS,Mississippi
2010,7.005, MO,Missouri
2010,2.5228, MT,Montana
2010,2.9506, NE,Nebraska
2010,5.8426, NV,Nevada
2010,0.9872, NH,New Hampshire
2010,4.2161, NJ,New Jersey
2010,6.7767, NM,New Mexico
2010,4.4753, NY,New York
2010,4.958, NC,North Carolina
2010,1.4823, ND,North Dakota
2010,4.1515, OH,Ohio
2010,5.1859, OK,Oklahoma
2010,2.5011, OR,Oregon
2010,5.1346, PA,Pennsylvania
2010,5.7148, SC,South Carolina
2010,2.8166, SD,South Dakota
2010,5.6469, TN,Tennessee
2010,4.9459, TX,Texas
2010,1.9096, UT,Utah
2010,1.1184, VT,Vermont
2010,4.686, VA,Virginia
2010,2.2839, WA,Washington
2010,3.1278, WV,West Virginia
2010,2.7233, WI,Wisconsin
2010,1.417, WY,Wyoming
2011,6.2244, AL,Alabama
2011,4.1444, AK,Alaska
2011,6.1386, AZ,Arizona
2011,5.4448, AR,Arkansas
2011,4.7553, AR,Arkansas
2011,3.0295, CO,Colorado
2011,3.5966, CT,Connecticut
2011,5.2855, DE,Delaware
2011,17.4469, DC,Washington
2011,5.1566, FL,Florida
2011,5.5949, GA,Georgia
2011,1.4512, HI,Hawaii
2011,2.21, ID,Idaho
2011,6.0732, IL,Illinois
2011,4.6959, IN,Indiana
2011,1.436, IA,Iowa
2011,3.8671, KS,Kansas
2011,3.4579, KY,Kentucky
2011,11.0607, LA,Louisiana
2011,1.957, ME,Maine
2011,6.8327, MD,Maryland
2011,2.7849, MA,Massachusetts
2011,6.247, MI,Michigan
2011,1.4026, MN,Minnesota
2011,7.7919, MS,Mississippi
2011,6.0909, MO,Missouri
2011,2.9068, MT,Montana
2011,3.6912, NE,Nebraska
2011,5.1102, NV,Nevada
2011,1.2141, NH,New Hampshire
2011,4.3012, NJ,New Jersey
2011,7.601, NM,New Mexico
2011,3.9433, NY,New York
2011,5.16, NC,North Carolina
2011,3.505, ND,North Dakota
2011,4.3324, OH,Ohio
2011,5.6023, OK,Oklahoma
2011,2.1715, OR,Oregon
2011,5.0141, PA,Pennsylvania
2011,6.8473, SC,South Carolina
2011,2.4284, SD,South Dakota
2011,5.9377, TN,Tennessee
2011,4.4086, TX,Texas
2011,1.7766, UT,Utah
2011,1.7555, VT,Vermont
2011,3.7511, VA,Virginia
2011,2.3889, WA,Washington
2011,4.6903, WV,West Virginia
2011,2.4169, WI,Wisconsin
2011,3.1726, WY,Wyoming
2012,7.0991, AL,Alabama
2012,4.1079, AK,Alaska
2012,5.4647, AZ,Arizona
2012,5.8986, AR,Arkansas
2012,4.9579, AR,Arkansas
2012,2.929, CO,Colorado
2012,3.2575, CT,Connecticut
2012,6.1065, DE,Delaware
2012,13.8927, DC,Washington
2012,5.2224, FL,Florida
2012,5.8796, GA,Georgia
2012,1.5107, HI,Hawaii
2012,1.8802, ID,Idaho
2012,5.9837, IL,Illinois
2012,4.6958, IN,Indiana
2012,1.5935, IA,Iowa
2012,2.9459, KS,Kansas
2012,4.5893, KY,Kentucky
2012,10.6255, LA,Louisiana
2012,1.9571, ME,Maine
2012,6.3383, MD,Maryland
2012,1.8208, MA,Massachusetts
2012,7.0933, MI,Michigan
2012,1.8403, MN,Minnesota
2012,7.1322, MS,Mississippi
2012,6.4735, MO,Missouri
2012,2.8842, MT,Montana
2012,2.8027, NE,Nebraska
2012,4.502, NV,Nevada
2012,1.135, NH,New Hampshire
2012,4.3754, NJ,New Jersey
2012,5.5674, NM,New Mexico
2012,3.4889, NY,New York
2012,4.9136, NC,North Carolina
2012,3.5646, ND,North Dakota
2012,4.1374, OH,Ohio
2012,5.7655, OK,Oklahoma
2012,2.3335, OR,Oregon
2012,5.5388, PA,Pennsylvania
2012,7.0288, SC,South Carolina
2012,2.7576, SD,South Dakota
2012,6.1968, TN,Tennessee
2012,4.4051, TX,Texas
2012,1.8214, UT,Utah
2012,1.2781, VT,Vermont
2012,3.9332, VA,Virginia
2012,3.1471, WA,Washington
2012,3.7702, WV,West Virginia
2012,2.9522, WI,Wisconsin
2012,2.4279, WY,Wyoming
2013,7.1576, AL,Alabama
2013,4.6117, AK,Alaska
2013,5.3504, AZ,Arizona
2013,5.3401, AR,Arkansas
2013,4.5432, AR,Arkansas
2013,3.3004, CO,Colorado
2013,2.5282, CT,Connecticut
2013,4.4313, DE,Delaware
2013,15.8679, DC,Washington
2013,4.9591, FL,Florida
2013,5.633, GA,Georgia
2013,2.2711, HI,Hawaii
2013,1.7981, ID,Idaho
2013,5.601, IL,Illinois
2013,5.4332, IN,Indiana
2013,1.3259, IA,Iowa
2013,4.0403, KS,Kansas
2013,3.9095, KY,Kentucky
2013,10.6712, LA,Louisiana
2013,1.8063, ME,Maine
2013,6.466, MD,Maryland
2013,2.057, MA,Massachusetts
2013,6.3143, MI,Michigan
2013,2.1025, MN,Minnesota
2013,7.2522, MS,Mississippi
2013,6.1043, MO,Missouri
2013,2.2663, MT,Montana
2013,2.9963, NE,Nebraska
2013,5.8392, NV,Nevada
2013,1.5878, NH,New Hampshire
2013,4.5335, NJ,New Jersey
2013,5.8939, NM,New Mexico
2013,3.2698, NY,New York
2013,4.701, NC,North Carolina
2013,2.2104, ND,North Dakota
2013,4.1307, OH,Ohio
2013,5.1387, OK,Oklahoma
2013,2.0875, OR,Oregon
2013,4.7804, PA,Pennsylvania
2013,6.3915, SC,South Carolina
2013,2.1289, SD,South Dakota
2013,5.156, TN,Tennessee
2013,4.301, TX,Texas
2013,1.7569, UT,Utah
2013,1.5953, VT,Vermont
2013,3.8692, VA,Virginia
2013,2.3947, WA,Washington
2013,3.3449, WV,West Virginia
2013,2.8383, WI,Wisconsin
2013,2.9148, WY,Wyoming
2014,5.6949, AL,Alabama
2014,5.5627, AK,Alaska
2014,4.6219, AZ,Arizona
2014,5.8985, AR,Arkansas
2014,4.3823, AR,Arkansas
2014,2.8008, CO,Colorado
2014,2.4758, CT,Connecticut
2014,5.3421, DE,Delaware
2014,15.913, DC,Washington
2014,4.9333, FL,Florida
2014,6.0116, GA,Georgia
2014,1.4082, HI,Hawaii
2014,1.9574, ID,Idaho
2014,5.3562, IL,Illinois
2014,5.0471, IN,Indiana
2014,1.9296, IA,Iowa
2014,3.1697, KS,Kansas
2014,3.7166, KY,Kentucky
2014,10.2388, LA,Louisiana
2014,1.5786, ME,Maine
2014,6.0582, MD,Maryland
2014,1.9689, MA,Massachusetts
2014,5.4859, MI,Michigan
2014,1.6126, MN,Minnesota
2014,8.6522, MS,Mississippi
2014,6.6625, MO,Missouri
2014,3.7137, MT,Montana
2014,2.8147, NE,Nebraska
2014,5.9895, NV,Nevada
2014,1.2048, NH,New Hampshire
2014,3.9379, NJ,New Jersey
2014,4.8428, NM,New Mexico
2014,3.1192, NY,New York
2014,5.0099, NC,North Carolina
2014,3.1079, ND,North Dakota
2014,4.001, OH,Ohio
2014,4.6396, OK,Oklahoma
2014,2.1152, OR,Oregon
2014,4.7679, PA,Pennsylvania
2014,6.6678, SC,South Carolina
2014,2.6954, SD,South Dakota
2014,5.6355, TN,Tennessee
2014,4.4182, TX,Texas
2014,2.2415, UT,Utah
2014,1.5955, VT,Vermont
2014,4.2026, VA,Virginia
2014,2.5201, WA,Washington
2014,4.5436, WV,West Virginia
2014,2.7607, WI,Wisconsin
2014,2.7383, WY,Wyoming
2015,7.1695, AL,Alabama
2015,7.9977, AK,Alaska
2015,4.4884, AZ,Arizona
2015,6.3469, AR,Arkansas
2015,4.7725, AR,Arkansas
2015,3.175, CO,Colorado
2015,3.2359, CT,Connecticut
2015,6.5673, DE,Delaware
2015,24.1655, DC,Washington
2015,5.142, FL,Florida
2015,6.0984, GA,Georgia
2015,1.3272, HI,Hawaii
2015,1.9361, ID,Idaho
2015,5.8727, IL,Illinois
2015,5.5952, IN,Indiana
2015,2.3382, IA,Iowa
2015,4.3348, KS,Kansas
2015,4.9496, KY,Kentucky
2015,10.5377, LA,Louisiana
2015,1.73, ME,Maine
2015,8.9742, MD,Maryland
2015,1.9309, MA,Massachusetts
2015,5.8985, MI,Michigan
2015,2.4259, MN,Minnesota
2015,8.4633, MS,Mississippi
2015,8.2782, MO,Missouri
2015,3.6819, MT,Montana
2015,3.2739, NE,Nebraska
2015,6.1725, NV,Nevada
2015,1.1277, NH,New Hampshire
2015,4.0625, NJ,New Jersey
2015,5.6241, NM,New Mexico
2015,3.1042, NY,New York
2015,5.1519, NC,North Carolina
2015,2.7747, ND,North Dakota
2015,4.498, OH,Ohio
2015,6.1422, OK,Oklahoma
2015,2.7332, OR,Oregon
2015,5.1986, PA,Pennsylvania
2015,8.3149, SC,South Carolina
2015,3.8465, SD,South Dakota
2015,6.3381, TN,Tennessee
2015,4.8014, TX,Texas
2015,1.906, UT,Utah
2015,1.5972, VT,Vermont
2015,4.6608, VA,Virginia
2015,3.0446, WA,Washington
2015,4.6169, WV,West Virginia
2015,4.161, WI,Wisconsin
2015,2.7278, WY,Wyoming
2016,8.3735, AL,Alabama
2016,7.0126, AK,Alaska
2016,5.6306, AZ,Arizona
2016,7.2618, AR,Arkansas
2016,4.9114, AR,Arkansas
2016,3.4177, CO,Colorado
2016,2.202, CT,Connecticut
2016,6.088, DE,Delaware
2016,19.8733, DC,Washington
2016,5.3784, FL,Florida
2016,6.6126, GA,Georgia
2016,2.4498, HI,Hawaii
2016,2.9166, ID,Idaho
2016,8.266, IL,Illinois
2016,6.4968, IN,Indiana
2016,2.3316, IA,Iowa
2016,4.5396, KS,Kansas
2016,5.9737, KY,Kentucky
2016,11.8434, LA,Louisiana
2016,1.5035, ME,Maine
2016,8.8966, MD,Maryland
2016,1.9784, MA,Massachusetts
2016,6.161, MI,Michigan
2016,1.828, MN,Minnesota
2016,7.9386, MS,Mississippi
2016,8.8324, MO,Missouri
2016,3.5623, MT,Montana
2016,2.5687, NE,Nebraska
2016,7.7571, NV,Nevada
2016,1.4232, NH,New Hampshire
2016,4.2101, NJ,New Jersey
2016,6.6653, NM,New Mexico
2016,3.171, NY,New York
2016,6.6754, NC,North Carolina
2016,2.1177, ND,North Dakota
2016,5.8765, OH,Ohio
2016,6.2991, OK,Oklahoma
2016,2.839, OR,Oregon
2016,5.2709, PA,Pennsylvania
2016,7.218, SC,South Carolina
2016,3.25, SD,South Dakota
2016,7.4443, TN,Tennessee
2016,5.2966, TX,Texas
2016,2.4308, UT,Utah
2016,2.2459, VT,Vermont
2016,5.7283, VA,Virginia
2016,2.6782, WA,Washington
2016,4.6483, WV,West Virginia
2016,4.0188, WI,Wisconsin
2016,3.4193, WY,Wyoming
2017,8.5947, AL,Alabama
2017,8.3808, AK,Alaska
2017,5.9868, AZ,Arizona
2017,8.2917, AR,Arkansas
2017,4.6447, AR,Arkansas
2017,3.9531, CO,Colorado
2017,2.938, CT,Connecticut
2017,5.3287, DE,Delaware
2017,16.6741, DC,Washington
2017,5.0389, FL,Florida
2017,6.5399, GA,Georgia
2017,2.7384, HI,Hawaii
2017,2.4434, ID,Idaho
2017,7.688, IL,Illinois
2017,6.2011, IN,Indiana
2017,3.1174, IA,Iowa
2017,4.6037, KS,Kansas
2017,5.9499, KY,Kentucky
2017,12.3319, LA,Louisiana
2017,1.7228, ME,Maine
2017,9.2616, MD,Maryland
2017,2.5061, MA,Massachusetts
2017,5.7034, MI,Michigan
2017,2.0474, MN,Minnesota
2017,6.3552, MS,Mississippi
2017,9.8058, MO,Missouri
2017,3.8933, MT,Montana
2017,2.1903, NE,Nebraska
2017,8.949, NV,Nevada
2017,0.9631, NH,New Hampshire
2017,3.6451, NJ,New Jersey
2017,6.8788, NM,New Mexico
2017,2.8075, NY,New York
2017,6.056, NC,North Carolina
2017,1.3242, ND,North Dakota
2017,6.3528, OH,Ohio
2017,6.1791, OK,Oklahoma
2017,2.5322, OR,Oregon
2017,5.8012, PA,Pennsylvania
2017,7.5679, SC,South Carolina
2017,3.0918, SD,South Dakota
2017,8.0193, TN,Tennessee
2017,4.9607, TX,Texas
2017,2.3847, UT,Utah
2017,2.7221, VT,Vermont
2017,5.5521, VA,Virginia
2017,3.0436, WA,Washington
2017,5.3934, WV,West Virginia
2017,3.3149, WI,Wisconsin
2017,2.4182, WY,Wyoming
2018,7.8357, AL,Alabama
2018,6.3734, AK,Alaska
2018,5.1453, AZ,Arizona
2018,7.167, AR,Arkansas
2018,4.3962, AR,Arkansas
2018,3.6871, CO,Colorado
2018,2.3232, CT,Connecticut
2018,4.9629, DE,Delaware
2018,22.7773, DC,Washington
2018,5.1973, FL,Florida
2018,6.103, GA,Georgia
2018,2.5343, HI,Hawaii
2018,1.9952, ID,Idaho
2018,6.9382, IL,Illinois
2018,6.5452, IN,Indiana
2018,1.7109, IA,Iowa
2018,3.8812, KS,Kansas
2018,5.4606, KY,Kentucky
2018,11.3734, LA,Louisiana
2018,1.7932, ME,Maine
2018,8.1089, MD,Maryland
2018,1.9704, MA,Massachusetts
2018,5.5123, MI,Michigan
2018,1.8891, MN,Minnesota
2018,5.7257, MS,Mississippi
2018,9.9079, MO,Missouri
2018,3.2006, MT,Montana
2018,2.2807, NE,Nebraska
2018,6.657, NV,Nevada
2018,1.5481, NH,New Hampshire
2018,3.2104, NJ,New Jersey
2018,7.9697, NM,New Mexico
2018,2.8758, NY,New York
2018,6.048, NC,North Carolina
2018,2.3682, ND,North Dakota
2018,4.8249, OH,Ohio
2018,5.2243, OK,Oklahoma
2018,1.9567, OR,Oregon
2018,6.1216, PA,Pennsylvania
2018,7.7103, SC,South Carolina
2018,1.3602, SD,South Dakota
2018,7.356, TN,Tennessee
2018,4.606, TX,Texas
2018,1.8981, UT,Utah
2018,1.5967, VT,Vermont
2018,4.5904, VA,Virginia
2018,3.1318, WA,Washington
2018,3.7102, WV,West Virginia
2018,3.0274, WI,Wisconsin
2018,2.2502, WY,Wyoming
